,Participant,Stimulus,1st Region,2nd Region,3rd Region,length
0,201655115,birth_city_q11.avi,mouth+chin,"mouth+chin, eyes+eyebrows","3: mouth+chin, eyes+eyebrows, mouth+chin",3.0
3,201655115,books_q11.avi,nose+cheeks,"nose+cheeks, eyes+eyebrows","3: nose+cheeks, eyes+eyebrows, mouth+chin",3.0
6,201655115,cars_q11.avi,nose+cheeks,"nose+cheeks, eyes+eyebrows","2: nose+cheeks, eyes+eyebrows, none",2.0
9,201655115,cleaning_q11.avi,nose+cheeks,"nose+cheeks, eyes+eyebrows","2: nose+cheeks, eyes+eyebrows, none",2.0
12,201655115,clothes_q11.avi,mouth+chin,"mouth+chin, eyes+eyebrows","3: mouth+chin, eyes+eyebrows, nose+cheeks",3.0
15,201655115,color_q11.avi,eyes+eyebrows,"eyes+eyebrows, nose+cheeks","3: eyes+eyebrows, nose+cheeks, eyes+eyebrows",3.0
17,201655115,concerts_q11.avi,mouth+chin,"mouth+chin, eyes+eyebrows","2: mouth+chin, eyes+eyebrows, none",2.0
20,201655115,date_birth_q11.avi,nose+cheeks,"nose+cheeks, eyes+eyebrows","2: nose+cheeks, eyes+eyebrows, none",2.0
23,201655115,extrovertism_q11.avi,mouth+chin,"mouth+chin, nose+cheeks","3: mouth+chin, nose+cheeks, eyes+eyebrows",3.0
25,201655115,flight_q11.avi,mouth+chin,"mouth+chin, eyes+eyebrows","2: mouth+chin, eyes+eyebrows, none",2.0
27,201655115,food_q11.avi,mouth+chin,"mouth+chin, eyes+eyebrows","2: mouth+chin, eyes+eyebrows, none",2.0
29,201655115,last_hour_q11.avi,eyes+eyebrows,"eyes+eyebrows, nose+cheeks","2: eyes+eyebrows, nose+cheeks, none",2.0
31,201655115,movies_q11.avi,nose+cheeks,"nose+cheeks, eyes+eyebrows","3: nose+cheeks, eyes+eyebrows, mouth+chin",3.0
35,201655115,music_q11.avi,nose+cheeks,"nose+cheeks, eyes+eyebrows","2: nose+cheeks, eyes+eyebrows, none",2.0
38,201655115,pets_q11.avi,mouth+chin,"mouth+chin, nose+cheeks","3: mouth+chin, nose+cheeks, eyes+eyebrows",3.0
40,201655115,smartphone_q1.avi,mouth+chin,"mouth+chin, eyes+eyebrows","3: mouth+chin, eyes+eyebrows, mouth+chin",3.0
42,201655115,sports_q11.avi,mouth+chin,"mouth+chin, eyes+eyebrows","2: mouth+chin, eyes+eyebrows, none",2.0
45,201655115,theatre_q1.avi,mouth+chin,"mouth+chin, eyes+eyebrows","3: mouth+chin, eyes+eyebrows, nose+cheeks",3.0
47,201655115,tv_q11.avi,eyes+eyebrows,"eyes+eyebrows, nose+cheeks","3: eyes+eyebrows, nose+cheeks, eyes+eyebrows",3.0
49,201655115,university_q11.avi,mouth+chin,"mouth+chin, eyes+eyebrows","3: mouth+chin, eyes+eyebrows, forehead",3.0
52,203525019,birth_city_q11.avi,nose+cheeks,"nose+cheeks, eyes+eyebrows","3: nose+cheeks, eyes+eyebrows, mouth+chin",3.0
55,203525019,books_q11.avi,nose+cheeks,"nose+cheeks, eyes+eyebrows","3: nose+cheeks, eyes+eyebrows, nose+cheeks",3.0
58,203525019,cars_q11.avi,nose+cheeks,"nose+cheeks, eyes+eyebrows","3: nose+cheeks, eyes+eyebrows, nose+cheeks",3.0
61,203525019,cleaning_q11.avi,nose+cheeks,"nose+cheeks, eyes+eyebrows","2: nose+cheeks, eyes+eyebrows, none",2.0
64,203525019,clothes_q11.avi,mouth+chin,"mouth+chin, eyes+eyebrows","3: mouth+chin, eyes+eyebrows, mouth+chin",3.0
67,203525019,color_q11.avi,mouth+chin,"mouth+chin, eyes+eyebrows","3: mouth+chin, eyes+eyebrows, nose+cheeks",3.0
69,203525019,concerts_q11.avi,nose+cheeks,"nose+cheeks, eyes+eyebrows","3: nose+cheeks, eyes+eyebrows, nose+cheeks",3.0
72,203525019,date_birth_q11.avi,nose+cheeks,"nose+cheeks, eyes+eyebrows","3: nose+cheeks, eyes+eyebrows, mouth+chin",3.0
75,203525019,extrovertism_q11.avi,nose+cheeks,"nose+cheeks, eyes+eyebrows","3: nose+cheeks, eyes+eyebrows, nose+cheeks",3.0
77,203525019,flight_q11.avi,mouth+chin,"mouth+chin, eyes+eyebrows","3: mouth+chin, eyes+eyebrows, mouth+chin",3.0
79,203525019,food_q11.avi,nose+cheeks,"nose+cheeks, eyes+eyebrows","2: nose+cheeks, eyes+eyebrows, none",2.0
81,203525019,last_hour_q11.avi,nose+cheeks,"nose+cheeks, eyes+eyebrows","2: nose+cheeks, eyes+eyebrows, none",2.0
83,203525019,movies_q11.avi,nose+cheeks,"nose+cheeks, eyes+eyebrows","3: nose+cheeks, eyes+eyebrows, mouth+chin",3.0
87,203525019,music_q11.avi,mouth+chin,"mouth+chin, eyes+eyebrows","3: mouth+chin, eyes+eyebrows, nose+cheeks",3.0
90,203525019,pets_q11.avi,mouth+chin,"mouth+chin, nose+cheeks","3: mouth+chin, nose+cheeks, eyes+eyebrows",3.0
92,203525019,smartphone_q1.avi,mouth+chin,"mouth+chin, eyes+eyebrows","3: mouth+chin, eyes+eyebrows, nose+cheeks",3.0
94,203525019,sports_q11.avi,nose+cheeks,"nose+cheeks, eyes+eyebrows","2: nose+cheeks, eyes+eyebrows, none",2.0
97,203525019,theatre_q1.avi,nose+cheeks,"nose+cheeks, eyes+eyebrows","3: nose+cheeks, eyes+eyebrows, nose+cheeks",3.0
99,203525019,tv_q11.avi,nose+cheeks,"nose+cheeks, eyes+eyebrows","3: nose+cheeks, eyes+eyebrows, mouth+chin",3.0
101,203525019,university_q11.avi,nose+cheeks,"nose+cheeks, eyes+eyebrows","3: nose+cheeks, eyes+eyebrows, nose+cheeks",3.0
104,203669437,birth_city_q11.avi,mouth+chin,"mouth+chin, nose+cheeks","2: mouth+chin, nose+cheeks, none",2.0
107,203669437,books_q11.avi,mouth+chin,"mouth+chin, none","1: mouth+chin, none, none",1.0
110,203669437,cars_q11.avi,mouth+chin,"mouth+chin, none","1: mouth+chin, none, none",1.0
113,203669437,cleaning_q11.avi,mouth+chin,"mouth+chin, none","1: mouth+chin, none, none",1.0
116,203669437,clothes_q11.avi,mouth+chin,"mouth+chin, none","1: mouth+chin, none, none",1.0
119,203669437,color_q11.avi,mouth+chin,"mouth+chin, nose+cheeks","3: mouth+chin, nose+cheeks, mouth+chin",3.0
121,203669437,concerts_q11.avi,nose+cheeks,"nose+cheeks, mouth+chin","2: nose+cheeks, mouth+chin, none",2.0
124,203669437,date_birth_q11.avi,mouth+chin,"mouth+chin, nose+cheeks","3: mouth+chin, nose+cheeks, mouth+chin",3.0
127,203669437,extrovertism_q11.avi,mouth+chin,"mouth+chin, nose+cheeks","3: mouth+chin, nose+cheeks, mouth+chin",3.0
129,203669437,flight_q11.avi,mouth+chin,"mouth+chin, nose+cheeks","3: mouth+chin, nose+cheeks, mouth+chin",3.0
131,203669437,food_q11.avi,mouth+chin,"mouth+chin, nose+cheeks","3: mouth+chin, nose+cheeks, mouth+chin",3.0
133,203669437,last_hour_q11.avi,mouth+chin,"mouth+chin, nose+cheeks","2: mouth+chin, nose+cheeks, none",2.0
135,203669437,movies_q11.avi,mouth+chin,"mouth+chin, nose+cheeks","3: mouth+chin, nose+cheeks, mouth+chin",3.0
139,203669437,music_q11.avi,mouth+chin,"mouth+chin, eyes+eyebrows","3: mouth+chin, eyes+eyebrows, mouth+chin",3.0
142,203669437,pets_q11.avi,mouth+chin,"mouth+chin, none","1: mouth+chin, none, none",1.0
144,203669437,smartphone_q1.avi,mouth+chin,"mouth+chin, nose+cheeks","3: mouth+chin, nose+cheeks, mouth+chin",3.0
146,203669437,sports_q11.avi,mouth+chin,"mouth+chin, nose+cheeks","3: mouth+chin, nose+cheeks, mouth+chin",3.0
149,203669437,theatre_q1.avi,nose+cheeks,"nose+cheeks, mouth+chin","3: nose+cheeks, mouth+chin, nose+cheeks",3.0
151,203669437,tv_q11.avi,mouth+chin,"mouth+chin, nose+cheeks","2: mouth+chin, nose+cheeks, none",2.0
153,203669437,university_q11.avi,nose+cheeks,"nose+cheeks, mouth+chin","3: nose+cheeks, mouth+chin, nose+cheeks",3.0
156,203783675,birth_city_q11.avi,nose+cheeks,"nose+cheeks, eyes+eyebrows","3: nose+cheeks, eyes+eyebrows, nose+cheeks",3.0
159,203783675,books_q11.avi,nose+cheeks,"nose+cheeks, eyes+eyebrows","3: nose+cheeks, eyes+eyebrows, nose+cheeks",3.0
162,203783675,cars_q11.avi,nose+cheeks,"nose+cheeks, eyes+eyebrows","3: nose+cheeks, eyes+eyebrows, nose+cheeks",3.0
165,203783675,cleaning_q11.avi,nose+cheeks,"nose+cheeks, eyes+eyebrows","3: nose+cheeks, eyes+eyebrows, nose+cheeks",3.0
168,203783675,clothes_q11.avi,nose+cheeks,"nose+cheeks, eyes+eyebrows","3: nose+cheeks, eyes+eyebrows, nose+cheeks",3.0
171,203783675,color_q11.avi,nose+cheeks,"nose+cheeks, eyes+eyebrows","3: nose+cheeks, eyes+eyebrows, nose+cheeks",3.0
173,203783675,concerts_q11.avi,nose+cheeks,"nose+cheeks, eyes+eyebrows","3: nose+cheeks, eyes+eyebrows, nose+cheeks",3.0
176,203783675,date_birth_q11.avi,mouth+chin,"mouth+chin, eyes+eyebrows","3: mouth+chin, eyes+eyebrows, nose+cheeks",3.0
179,203783675,extrovertism_q11.avi,mouth+chin,"mouth+chin, nose+cheeks","3: mouth+chin, nose+cheeks, eyes+eyebrows",3.0
181,203783675,flight_q11.avi,nose+cheeks,"nose+cheeks, eyes+eyebrows","3: nose+cheeks, eyes+eyebrows, nose+cheeks",3.0
183,203783675,food_q11.avi,eyes+eyebrows,"eyes+eyebrows, mouth+chin","3: eyes+eyebrows, mouth+chin, eyes+eyebrows",3.0
185,203783675,last_hour_q11.avi,mouth+chin,"mouth+chin, eyes+eyebrows","3: mouth+chin, eyes+eyebrows, nose+cheeks",3.0
187,203783675,movies_q11.avi,nose+cheeks,"nose+cheeks, eyes+eyebrows","3: nose+cheeks, eyes+eyebrows, nose+cheeks",3.0
191,203783675,music_q11.avi,nose+cheeks,"nose+cheeks, eyes+eyebrows","3: nose+cheeks, eyes+eyebrows, nose+cheeks",3.0
194,203783675,pets_q11.avi,mouth+chin,"mouth+chin, eyes+eyebrows","3: mouth+chin, eyes+eyebrows, mouth+chin",3.0
196,203783675,smartphone_q1.avi,nose+cheeks,"nose+cheeks, eyes+eyebrows","3: nose+cheeks, eyes+eyebrows, nose+cheeks",3.0
198,203783675,sports_q11.avi,eyes+eyebrows,"eyes+eyebrows, nose+cheeks","3: eyes+eyebrows, nose+cheeks, eyes+eyebrows",3.0
201,203783675,theatre_q1.avi,nose+cheeks,"nose+cheeks, eyes+eyebrows","3: nose+cheeks, eyes+eyebrows, nose+cheeks",3.0
203,203783675,tv_q11.avi,nose+cheeks,"nose+cheeks, eyes+eyebrows","3: nose+cheeks, eyes+eyebrows, nose+cheeks",3.0
205,203783675,university_q11.avi,mouth+chin,"mouth+chin, nose+cheeks","3: mouth+chin, nose+cheeks, eyes+eyebrows",3.0
208,204146120,birth_city_q11.avi,nose+cheeks,"nose+cheeks, eyes+eyebrows","3: nose+cheeks, eyes+eyebrows, nose+cheeks",3.0
211,204146120,books_q11.avi,mouth+chin,"mouth+chin, nose+cheeks","3: mouth+chin, nose+cheeks, eyes+eyebrows",3.0
214,204146120,cars_q11.avi,nose+cheeks,"nose+cheeks, eyes+eyebrows","3: nose+cheeks, eyes+eyebrows, nose+cheeks",3.0
217,204146120,cleaning_q11.avi,nose+cheeks,"nose+cheeks, mouth+chin","3: nose+cheeks, mouth+chin, nose+cheeks",3.0
220,204146120,clothes_q11.avi,mouth+chin,"mouth+chin, nose+cheeks","3: mouth+chin, nose+cheeks, eyes+eyebrows",3.0
223,204146120,color_q11.avi,mouth+chin,"mouth+chin, nose+cheeks","3: mouth+chin, nose+cheeks, eyes+eyebrows",3.0
225,204146120,concerts_q11.avi,mouth+chin,"mouth+chin, eyes+eyebrows","3: mouth+chin, eyes+eyebrows, nose+cheeks",3.0
228,204146120,date_birth_q11.avi,nose+cheeks,"nose+cheeks, mouth+chin","3: nose+cheeks, mouth+chin, nose+cheeks",3.0
231,204146120,extrovertism_q11.avi,mouth+chin,"mouth+chin, nose+cheeks","3: mouth+chin, nose+cheeks, eyes+eyebrows",3.0
233,204146120,flight_q11.avi,mouth+chin,"mouth+chin, nose+cheeks","3: mouth+chin, nose+cheeks, eyes+eyebrows",3.0
235,204146120,food_q11.avi,mouth+chin,"mouth+chin, nose+cheeks","2: mouth+chin, nose+cheeks, none",2.0
237,204146120,last_hour_q11.avi,mouth+chin,"mouth+chin, nose+cheeks","3: mouth+chin, nose+cheeks, eyes+eyebrows",3.0
239,204146120,movies_q11.avi,mouth+chin,"mouth+chin, nose+cheeks","3: mouth+chin, nose+cheeks, mouth+chin",3.0
243,204146120,music_q11.avi,mouth+chin,"mouth+chin, eyes+eyebrows","3: mouth+chin, eyes+eyebrows, nose+cheeks",3.0
246,204146120,pets_q11.avi,mouth+chin,"mouth+chin, nose+cheeks","3: mouth+chin, nose+cheeks, eyes+eyebrows",3.0
248,204146120,smartphone_q1.avi,nose+cheeks,"nose+cheeks, eyes+eyebrows","3: nose+cheeks, eyes+eyebrows, nose+cheeks",3.0
250,204146120,sports_q11.avi,mouth+chin,"mouth+chin, nose+cheeks","3: mouth+chin, nose+cheeks, eyes+eyebrows",3.0
253,204146120,theatre_q1.avi,mouth+chin,"mouth+chin, nose+cheeks","3: mouth+chin, nose+cheeks, eyes+eyebrows",3.0
255,204146120,tv_q11.avi,nose+cheeks,"nose+cheeks, eyes+eyebrows","3: nose+cheeks, eyes+eyebrows, nose+cheeks",3.0
257,204146120,university_q11.avi,mouth+chin,"mouth+chin, nose+cheeks","3: mouth+chin, nose+cheeks, eyes+eyebrows",3.0
260,204150163,birth_city_q11.avi,eyes+eyebrows,"eyes+eyebrows, nose+cheeks","3: eyes+eyebrows, nose+cheeks, eyes+eyebrows",3.0
263,204150163,books_q11.avi,mouth+chin,"mouth+chin, eyes+eyebrows","3: mouth+chin, eyes+eyebrows, nose+cheeks",3.0
266,204150163,cars_q11.avi,nose+cheeks,"nose+cheeks, eyes+eyebrows","3: nose+cheeks, eyes+eyebrows, nose+cheeks",3.0
269,204150163,cleaning_q11.avi,nose+cheeks,"nose+cheeks, eyes+eyebrows","3: nose+cheeks, eyes+eyebrows, nose+cheeks",3.0
272,204150163,clothes_q11.avi,nose+cheeks,"nose+cheeks, eyes+eyebrows","3: nose+cheeks, eyes+eyebrows, nose+cheeks",3.0
275,204150163,color_q11.avi,nose+cheeks,"nose+cheeks, eyes+eyebrows","3: nose+cheeks, eyes+eyebrows, nose+cheeks",3.0
277,204150163,concerts_q11.avi,nose+cheeks,"nose+cheeks, eyes+eyebrows","3: nose+cheeks, eyes+eyebrows, nose+cheeks",3.0
280,204150163,date_birth_q11.avi,nose+cheeks,"nose+cheeks, mouth+chin","3: nose+cheeks, mouth+chin, eyes+eyebrows",3.0
284,204150163,flight_q11.avi,mouth+chin,"mouth+chin, eyes+eyebrows","3: mouth+chin, eyes+eyebrows, nose+cheeks",3.0
285,204150163,food_q11.avi,nose+cheeks,"nose+cheeks, eyes+eyebrows","3: nose+cheeks, eyes+eyebrows, nose+cheeks",3.0
287,204150163,last_hour_q11.avi,nose+cheeks,"nose+cheeks, eyes+eyebrows","3: nose+cheeks, eyes+eyebrows, nose+cheeks",3.0
289,204150163,movies_q11.avi,eyes+eyebrows,"eyes+eyebrows, mouth+chin","3: eyes+eyebrows, mouth+chin, nose+cheeks",3.0
293,204150163,music_q11.avi,nose+cheeks,"nose+cheeks, eyes+eyebrows","3: nose+cheeks, eyes+eyebrows, nose+cheeks",3.0
296,204150163,pets_q11.avi,nose+cheeks,"nose+cheeks, eyes+eyebrows","3: nose+cheeks, eyes+eyebrows, nose+cheeks",3.0
298,204150163,smartphone_q1.avi,eyes+eyebrows,"eyes+eyebrows, nose+cheeks","3: eyes+eyebrows, nose+cheeks, eyes+eyebrows",3.0
300,204150163,sports_q11.avi,nose+cheeks,"nose+cheeks, eyes+eyebrows","3: nose+cheeks, eyes+eyebrows, nose+cheeks",3.0
303,204150163,theatre_q1.avi,nose+cheeks,"nose+cheeks, eyes+eyebrows","3: nose+cheeks, eyes+eyebrows, nose+cheeks",3.0
305,204150163,tv_q11.avi,nose+cheeks,"nose+cheeks, eyes+eyebrows","3: nose+cheeks, eyes+eyebrows, nose+cheeks",3.0
307,204150163,university_q11.avi,mouth+chin,"mouth+chin, eyes+eyebrows","3: mouth+chin, eyes+eyebrows, nose+cheeks",3.0
310,204537237,birth_city_q11.avi,nose+cheeks,"nose+cheeks, mouth+chin","3: nose+cheeks, mouth+chin, nose+cheeks",3.0
313,204537237,books_q11.avi,mouth+chin,"mouth+chin, nose+cheeks","2: mouth+chin, nose+cheeks, none",2.0
316,204537237,cars_q11.avi,mouth+chin,"mouth+chin, none","1: mouth+chin, none, none",1.0
319,204537237,cleaning_q11.avi,mouth+chin,"mouth+chin, nose+cheeks","3: mouth+chin, nose+cheeks, mouth+chin",3.0
322,204537237,clothes_q11.avi,mouth+chin,"mouth+chin, nose+cheeks","3: mouth+chin, nose+cheeks, mouth+chin",3.0
325,204537237,color_q11.avi,mouth+chin,"mouth+chin, nose+cheeks","3: mouth+chin, nose+cheeks, mouth+chin",3.0
327,204537237,concerts_q11.avi,mouth+chin,"mouth+chin, nose+cheeks","3: mouth+chin, nose+cheeks, mouth+chin",3.0
330,204537237,date_birth_q11.avi,mouth+chin,"mouth+chin, none","1: mouth+chin, none, none",1.0
333,204537237,extrovertism_q11.avi,mouth+chin,"mouth+chin, nose+cheeks","3: mouth+chin, nose+cheeks, mouth+chin",3.0
335,204537237,flight_q11.avi,mouth+chin,"mouth+chin, none","1: mouth+chin, none, none",1.0
337,204537237,food_q11.avi,nose+cheeks,"nose+cheeks, mouth+chin","2: nose+cheeks, mouth+chin, none",2.0
339,204537237,last_hour_q11.avi,nose+cheeks,"nose+cheeks, mouth+chin","3: nose+cheeks, mouth+chin, nose+cheeks",3.0
341,204537237,movies_q11.avi,nose+cheeks,"nose+cheeks, mouth+chin","2: nose+cheeks, mouth+chin, none",2.0
345,204537237,music_q11.avi,mouth+chin,"mouth+chin, nose+cheeks","2: mouth+chin, nose+cheeks, none",2.0
348,204537237,pets_q11.avi,nose+cheeks,"nose+cheeks, mouth+chin","2: nose+cheeks, mouth+chin, none",2.0
350,204537237,smartphone_q1.avi,mouth+chin,"mouth+chin, nose+cheeks","3: mouth+chin, nose+cheeks, mouth+chin",3.0
352,204537237,sports_q11.avi,nose+cheeks,"nose+cheeks, forehead","2: nose+cheeks, forehead, none",2.0
355,204537237,theatre_q1.avi,mouth+chin,"mouth+chin, none","1: mouth+chin, none, none",1.0
357,204537237,tv_q11.avi,nose+cheeks,"nose+cheeks, mouth+chin","3: nose+cheeks, mouth+chin, nose+cheeks",3.0
359,204537237,university_q11.avi,mouth+chin,"mouth+chin, nose+cheeks","3: mouth+chin, nose+cheeks, mouth+chin",3.0
362,204572101,birth_city_q11.avi,nose+cheeks,"nose+cheeks, eyes+eyebrows","2: nose+cheeks, eyes+eyebrows, none",2.0
365,204572101,books_q11.avi,nose+cheeks,"nose+cheeks, eyes+eyebrows","2: nose+cheeks, eyes+eyebrows, none",2.0
368,204572101,cars_q11.avi,nose+cheeks,"nose+cheeks, eyes+eyebrows","3: nose+cheeks, eyes+eyebrows, nose+cheeks",3.0
371,204572101,cleaning_q11.avi,nose+cheeks,"nose+cheeks, eyes+eyebrows","3: nose+cheeks, eyes+eyebrows, nose+cheeks",3.0
374,204572101,clothes_q11.avi,mouth+chin,"mouth+chin, eyes+eyebrows","2: mouth+chin, eyes+eyebrows, none",2.0
377,204572101,color_q11.avi,nose+cheeks,"nose+cheeks, eyes+eyebrows","3: nose+cheeks, eyes+eyebrows, mouth+chin",3.0
379,204572101,concerts_q11.avi,eyes+eyebrows,"eyes+eyebrows, none","1: eyes+eyebrows, none, none",1.0
382,204572101,date_birth_q11.avi,nose+cheeks,"nose+cheeks, eyes+eyebrows","3: nose+cheeks, eyes+eyebrows, nose+cheeks",3.0
385,204572101,extrovertism_q11.avi,nose+cheeks,"nose+cheeks, eyes+eyebrows","3: nose+cheeks, eyes+eyebrows, nose+cheeks",3.0
387,204572101,flight_q11.avi,mouth+chin,"mouth+chin, nose+cheeks","3: mouth+chin, nose+cheeks, eyes+eyebrows",3.0
389,204572101,food_q11.avi,eyes+eyebrows,"eyes+eyebrows, nose+cheeks","3: eyes+eyebrows, nose+cheeks, eyes+eyebrows",3.0
391,204572101,last_hour_q11.avi,eyes+eyebrows,"eyes+eyebrows, none","1: eyes+eyebrows, none, none",1.0
393,204572101,movies_q11.avi,nose+cheeks,"nose+cheeks, eyes+eyebrows","3: nose+cheeks, eyes+eyebrows, mouth+chin",3.0
397,204572101,music_q11.avi,nose+cheeks,"nose+cheeks, eyes+eyebrows","3: nose+cheeks, eyes+eyebrows, mouth+chin",3.0
400,204572101,pets_q11.avi,nose+cheeks,"nose+cheeks, eyes+eyebrows","2: nose+cheeks, eyes+eyebrows, none",2.0
402,204572101,smartphone_q1.avi,nose+cheeks,"nose+cheeks, eyes+eyebrows","2: nose+cheeks, eyes+eyebrows, none",2.0
404,204572101,sports_q11.avi,eyes+eyebrows,"eyes+eyebrows, none","1: eyes+eyebrows, none, none",1.0
407,204572101,theatre_q1.avi,eyes+eyebrows,"eyes+eyebrows, none","1: eyes+eyebrows, none, none",1.0
409,204572101,tv_q11.avi,eyes+eyebrows,"eyes+eyebrows, none","1: eyes+eyebrows, none, none",1.0
411,204572101,university_q11.avi,nose+cheeks,"nose+cheeks, eyes+eyebrows","2: nose+cheeks, eyes+eyebrows, none",2.0
414,204617047,birth_city_q11.avi,nose+cheeks,"nose+cheeks, eyes+eyebrows","3: nose+cheeks, eyes+eyebrows, nose+cheeks",3.0
417,204617047,books_q11.avi,nose+cheeks,"nose+cheeks, eyes+eyebrows","3: nose+cheeks, eyes+eyebrows, mouth+chin",3.0
420,204617047,cars_q11.avi,eyes+eyebrows,"eyes+eyebrows, nose+cheeks","3: eyes+eyebrows, nose+cheeks, mouth+chin",3.0
423,204617047,cleaning_q11.avi,eyes+eyebrows,"eyes+eyebrows, mouth+chin","3: eyes+eyebrows, mouth+chin, eyes+eyebrows",3.0
426,204617047,clothes_q11.avi,mouth+chin,"mouth+chin, eyes+eyebrows","3: mouth+chin, eyes+eyebrows, mouth+chin",3.0
429,204617047,color_q11.avi,nose+cheeks,"nose+cheeks, eyes+eyebrows","3: nose+cheeks, eyes+eyebrows, nose+cheeks",3.0
431,204617047,concerts_q11.avi,eyes+eyebrows,"eyes+eyebrows, mouth+chin","3: eyes+eyebrows, mouth+chin, eyes+eyebrows",3.0
434,204617047,date_birth_q11.avi,nose+cheeks,"nose+cheeks, eyes+eyebrows","3: nose+cheeks, eyes+eyebrows, mouth+chin",3.0
437,204617047,extrovertism_q11.avi,mouth+chin,"mouth+chin, eyes+eyebrows","3: mouth+chin, eyes+eyebrows, mouth+chin",3.0
439,204617047,flight_q11.avi,mouth+chin,"mouth+chin, nose+cheeks","3: mouth+chin, nose+cheeks, eyes+eyebrows",3.0
441,204617047,food_q11.avi,nose+cheeks,"nose+cheeks, eyes+eyebrows","3: nose+cheeks, eyes+eyebrows, nose+cheeks",3.0
443,204617047,last_hour_q11.avi,nose+cheeks,"nose+cheeks, eyes+eyebrows","3: nose+cheeks, eyes+eyebrows, mouth+chin",3.0
445,204617047,movies_q11.avi,eyes+eyebrows,"eyes+eyebrows, mouth+chin","3: eyes+eyebrows, mouth+chin, eyes+eyebrows",3.0
449,204617047,music_q11.avi,nose+cheeks,"nose+cheeks, eyes+eyebrows","3: nose+cheeks, eyes+eyebrows, mouth+chin",3.0
452,204617047,pets_q11.avi,eyes+eyebrows,"eyes+eyebrows, mouth+chin","3: eyes+eyebrows, mouth+chin, eyes+eyebrows",3.0
454,204617047,smartphone_q1.avi,eyes+eyebrows,"eyes+eyebrows, mouth+chin","3: eyes+eyebrows, mouth+chin, eyes+eyebrows",3.0
456,204617047,sports_q11.avi,nose+cheeks,"nose+cheeks, eyes+eyebrows","3: nose+cheeks, eyes+eyebrows, mouth+chin",3.0
459,204617047,theatre_q1.avi,mouth+chin,"mouth+chin, eyes+eyebrows","3: mouth+chin, eyes+eyebrows, mouth+chin",3.0
461,204617047,tv_q11.avi,eyes+eyebrows,"eyes+eyebrows, nose+cheeks","3: eyes+eyebrows, nose+cheeks, eyes+eyebrows",3.0
463,204617047,university_q11.avi,mouth+chin,"mouth+chin, eyes+eyebrows","3: mouth+chin, eyes+eyebrows, nose+cheeks",3.0
466,204629794,birth_city_q11.avi,eyes+eyebrows,"eyes+eyebrows, none","1: eyes+eyebrows, none, none",1.0
469,204629794,books_q11.avi,nose+cheeks,"nose+cheeks, eyes+eyebrows","2: nose+cheeks, eyes+eyebrows, none",2.0
472,204629794,cars_q11.avi,eyes+eyebrows,"eyes+eyebrows, none","1: eyes+eyebrows, none, none",1.0
475,204629794,cleaning_q11.avi,eyes+eyebrows,"eyes+eyebrows, none","1: eyes+eyebrows, none, none",1.0
478,204629794,clothes_q11.avi,mouth+chin,"mouth+chin, eyes+eyebrows","2: mouth+chin, eyes+eyebrows, none",2.0
481,204629794,color_q11.avi,nose+cheeks,"nose+cheeks, eyes+eyebrows","2: nose+cheeks, eyes+eyebrows, none",2.0
483,204629794,concerts_q11.avi,eyes+eyebrows,"eyes+eyebrows, none","1: eyes+eyebrows, none, none",1.0
486,204629794,date_birth_q11.avi,eyes+eyebrows,"eyes+eyebrows, none","1: eyes+eyebrows, none, none",1.0
489,204629794,extrovertism_q11.avi,mouth+chin,"mouth+chin, eyes+eyebrows","2: mouth+chin, eyes+eyebrows, none",2.0
491,204629794,flight_q11.avi,mouth+chin,"mouth+chin, eyes+eyebrows","2: mouth+chin, eyes+eyebrows, none",2.0
493,204629794,food_q11.avi,eyes+eyebrows,"eyes+eyebrows, none","1: eyes+eyebrows, none, none",1.0
495,204629794,last_hour_q11.avi,eyes+eyebrows,"eyes+eyebrows, none","1: eyes+eyebrows, none, none",1.0
497,204629794,movies_q11.avi,eyes+eyebrows,"eyes+eyebrows, none","1: eyes+eyebrows, none, none",1.0
501,204629794,music_q11.avi,nose+cheeks,"nose+cheeks, eyes+eyebrows","2: nose+cheeks, eyes+eyebrows, none",2.0
504,204629794,pets_q11.avi,eyes+eyebrows,"eyes+eyebrows, none","1: eyes+eyebrows, none, none",1.0
506,204629794,smartphone_q1.avi,eyes+eyebrows,"eyes+eyebrows, none","1: eyes+eyebrows, none, none",1.0
508,204629794,sports_q11.avi,eyes+eyebrows,"eyes+eyebrows, none","1: eyes+eyebrows, none, none",1.0
511,204629794,theatre_q1.avi,eyes+eyebrows,"eyes+eyebrows, none","1: eyes+eyebrows, none, none",1.0
513,204629794,tv_q11.avi,eyes+eyebrows,"eyes+eyebrows, none","1: eyes+eyebrows, none, none",1.0
515,204629794,university_q11.avi,eyes+eyebrows,"eyes+eyebrows, none","1: eyes+eyebrows, none, none",1.0
518,204792808,birth_city_q11.avi,mouth+chin,"mouth+chin, eyes+eyebrows","2: mouth+chin, eyes+eyebrows, none",2.0
521,204792808,books_q11.avi,nose+cheeks,"nose+cheeks, eyes+eyebrows","3: nose+cheeks, eyes+eyebrows, nose+cheeks",3.0
524,204792808,cars_q11.avi,nose+cheeks,"nose+cheeks, eyes+eyebrows","2: nose+cheeks, eyes+eyebrows, none",2.0
527,204792808,cleaning_q11.avi,nose+cheeks,"nose+cheeks, eyes+eyebrows","2: nose+cheeks, eyes+eyebrows, none",2.0
530,204792808,clothes_q11.avi,nose+cheeks,"nose+cheeks, eyes+eyebrows","2: nose+cheeks, eyes+eyebrows, none",2.0
533,204792808,color_q11.avi,nose+cheeks,"nose+cheeks, eyes+eyebrows","3: nose+cheeks, eyes+eyebrows, nose+cheeks",3.0
535,204792808,concerts_q11.avi,mouth+chin,"mouth+chin, nose+cheeks","3: mouth+chin, nose+cheeks, eyes+eyebrows",3.0
538,204792808,date_birth_q11.avi,nose+cheeks,"nose+cheeks, eyes+eyebrows","2: nose+cheeks, eyes+eyebrows, none",2.0
541,204792808,extrovertism_q11.avi,nose+cheeks,"nose+cheeks, eyes+eyebrows","2: nose+cheeks, eyes+eyebrows, none",2.0
543,204792808,flight_q11.avi,eyes+eyebrows,"eyes+eyebrows, mouth+chin","2: eyes+eyebrows, mouth+chin, none",2.0
545,204792808,food_q11.avi,eyes+eyebrows,"eyes+eyebrows, none","1: eyes+eyebrows, none, none",1.0
547,204792808,last_hour_q11.avi,nose+cheeks,"nose+cheeks, eyes+eyebrows","2: nose+cheeks, eyes+eyebrows, none",2.0
549,204792808,movies_q11.avi,mouth+chin,"mouth+chin, eyes+eyebrows","2: mouth+chin, eyes+eyebrows, none",2.0
553,204792808,music_q11.avi,nose+cheeks,"nose+cheeks, eyes+eyebrows","2: nose+cheeks, eyes+eyebrows, none",2.0
556,204792808,pets_q11.avi,mouth+chin,"mouth+chin, eyes+eyebrows","3: mouth+chin, eyes+eyebrows, nose+cheeks",3.0
558,204792808,smartphone_q1.avi,nose+cheeks,"nose+cheeks, eyes+eyebrows","2: nose+cheeks, eyes+eyebrows, none",2.0
560,204792808,sports_q11.avi,nose+cheeks,"nose+cheeks, eyes+eyebrows","2: nose+cheeks, eyes+eyebrows, none",2.0
563,204792808,theatre_q1.avi,eyes+eyebrows,"eyes+eyebrows, nose+cheeks","3: eyes+eyebrows, nose+cheeks, eyes+eyebrows",3.0
565,204792808,tv_q11.avi,eyes+eyebrows,"eyes+eyebrows, none","1: eyes+eyebrows, none, none",1.0
567,204792808,university_q11.avi,eyes+eyebrows,"eyes+eyebrows, nose+cheeks","3: eyes+eyebrows, nose+cheeks, eyes+eyebrows",3.0
570,205414832,birth_city_q11.avi,mouth+chin,"mouth+chin, eyes+eyebrows","3: mouth+chin, eyes+eyebrows, mouth+chin",3.0
573,205414832,books_q11.avi,mouth+chin,"mouth+chin, nose+cheeks","3: mouth+chin, nose+cheeks, mouth+chin",3.0
576,205414832,cars_q11.avi,nose+cheeks,"nose+cheeks, eyes+eyebrows","3: nose+cheeks, eyes+eyebrows, mouth+chin",3.0
579,205414832,cleaning_q11.avi,nose+cheeks,"nose+cheeks, eyes+eyebrows","3: nose+cheeks, eyes+eyebrows, nose+cheeks",3.0
582,205414832,clothes_q11.avi,mouth+chin,"mouth+chin, nose+cheeks","3: mouth+chin, nose+cheeks, eyes+eyebrows",3.0
585,205414832,color_q11.avi,mouth+chin,"mouth+chin, nose+cheeks","3: mouth+chin, nose+cheeks, eyes+eyebrows",3.0
587,205414832,concerts_q11.avi,mouth+chin,"mouth+chin, eyes+eyebrows","3: mouth+chin, eyes+eyebrows, nose+cheeks",3.0
590,205414832,date_birth_q11.avi,mouth+chin,"mouth+chin, eyes+eyebrows","3: mouth+chin, eyes+eyebrows, nose+cheeks",3.0
593,205414832,extrovertism_q11.avi,mouth+chin,"mouth+chin, eyes+eyebrows","3: mouth+chin, eyes+eyebrows, mouth+chin",3.0
595,205414832,flight_q11.avi,nose+cheeks,"nose+cheeks, eyes+eyebrows","3: nose+cheeks, eyes+eyebrows, mouth+chin",3.0
597,205414832,food_q11.avi,mouth+chin,"mouth+chin, eyes+eyebrows","3: mouth+chin, eyes+eyebrows, nose+cheeks",3.0
599,205414832,last_hour_q11.avi,nose+cheeks,"nose+cheeks, eyes+eyebrows","3: nose+cheeks, eyes+eyebrows, nose+cheeks",3.0
601,205414832,movies_q11.avi,mouth+chin,"mouth+chin, eyes+eyebrows","3: mouth+chin, eyes+eyebrows, mouth+chin",3.0
605,205414832,music_q11.avi,mouth+chin,"mouth+chin, eyes+eyebrows","3: mouth+chin, eyes+eyebrows, nose+cheeks",3.0
608,205414832,pets_q11.avi,nose+cheeks,"nose+cheeks, eyes+eyebrows","3: nose+cheeks, eyes+eyebrows, mouth+chin",3.0
610,205414832,smartphone_q1.avi,nose+cheeks,"nose+cheeks, eyes+eyebrows","3: nose+cheeks, eyes+eyebrows, nose+cheeks",3.0
612,205414832,sports_q11.avi,nose+cheeks,"nose+cheeks, eyes+eyebrows","3: nose+cheeks, eyes+eyebrows, nose+cheeks",3.0
615,205414832,theatre_q1.avi,mouth+chin,"mouth+chin, eyes+eyebrows","3: mouth+chin, eyes+eyebrows, mouth+chin",3.0
617,205414832,tv_q11.avi,mouth+chin,"mouth+chin, nose+cheeks","3: mouth+chin, nose+cheeks, eyes+eyebrows",3.0
619,205414832,university_q11.avi,eyes+eyebrows,"eyes+eyebrows, nose+cheeks","3: eyes+eyebrows, nose+cheeks, eyes+eyebrows",3.0
622,205880982,birth_city_q11.avi,mouth+chin,"mouth+chin, nose+cheeks","3: mouth+chin, nose+cheeks, mouth+chin",3.0
625,205880982,books_q11.avi,mouth+chin,"mouth+chin, nose+cheeks","3: mouth+chin, nose+cheeks, mouth+chin",3.0
628,205880982,cars_q11.avi,eyes+eyebrows,"eyes+eyebrows, nose+cheeks","3: eyes+eyebrows, nose+cheeks, eyes+eyebrows",3.0
631,205880982,cleaning_q11.avi,mouth+chin,"mouth+chin, eyes+eyebrows","3: mouth+chin, eyes+eyebrows, nose+cheeks",3.0
634,205880982,clothes_q11.avi,mouth+chin,"mouth+chin, eyes+eyebrows","3: mouth+chin, eyes+eyebrows, mouth+chin",3.0
637,205880982,color_q11.avi,mouth+chin,"mouth+chin, eyes+eyebrows","3: mouth+chin, eyes+eyebrows, mouth+chin",3.0
639,205880982,concerts_q11.avi,mouth+chin,"mouth+chin, nose+cheeks","3: mouth+chin, nose+cheeks, eyes+eyebrows",3.0
642,205880982,date_birth_q11.avi,nose+cheeks,"nose+cheeks, mouth+chin","3: nose+cheeks, mouth+chin, nose+cheeks",3.0
645,205880982,extrovertism_q11.avi,nose+cheeks,"nose+cheeks, eyes+eyebrows","3: nose+cheeks, eyes+eyebrows, nose+cheeks",3.0
647,205880982,flight_q11.avi,nose+cheeks,"nose+cheeks, eyes+eyebrows","3: nose+cheeks, eyes+eyebrows, mouth+chin",3.0
649,205880982,food_q11.avi,mouth+chin,"mouth+chin, eyes+eyebrows","3: mouth+chin, eyes+eyebrows, nose+cheeks",3.0
651,205880982,last_hour_q11.avi,mouth+chin,"mouth+chin, nose+cheeks","3: mouth+chin, nose+cheeks, mouth+chin",3.0
653,205880982,movies_q11.avi,nose+cheeks,"nose+cheeks, mouth+chin","3: nose+cheeks, mouth+chin, eyes+eyebrows",3.0
657,205880982,music_q11.avi,nose+cheeks,"nose+cheeks, mouth+chin","2: nose+cheeks, mouth+chin, none",2.0
660,205880982,pets_q11.avi,mouth+chin,"mouth+chin, nose+cheeks","3: mouth+chin, nose+cheeks, eyes+eyebrows",3.0
662,205880982,smartphone_q1.avi,nose+cheeks,"nose+cheeks, eyes+eyebrows","3: nose+cheeks, eyes+eyebrows, nose+cheeks",3.0
664,205880982,sports_q11.avi,mouth+chin,"mouth+chin, nose+cheeks","3: mouth+chin, nose+cheeks, eyes+eyebrows",3.0
667,205880982,theatre_q1.avi,mouth+chin,"mouth+chin, eyes+eyebrows","3: mouth+chin, eyes+eyebrows, mouth+chin",3.0
669,205880982,tv_q11.avi,mouth+chin,"mouth+chin, eyes+eyebrows","3: mouth+chin, eyes+eyebrows, nose+cheeks",3.0
671,205880982,university_q11.avi,nose+cheeks,"nose+cheeks, eyes+eyebrows","3: nose+cheeks, eyes+eyebrows, nose+cheeks",3.0
674,206193369,birth_city_q11.avi,nose+cheeks,"nose+cheeks, mouth+chin","3: nose+cheeks, mouth+chin, eyes+eyebrows",3.0
677,206193369,books_q11.avi,mouth+chin,"mouth+chin, eyes+eyebrows","3: mouth+chin, eyes+eyebrows, mouth+chin",3.0
680,206193369,cars_q11.avi,mouth+chin,"mouth+chin, eyes+eyebrows","2: mouth+chin, eyes+eyebrows, none",2.0
683,206193369,cleaning_q11.avi,mouth+chin,"mouth+chin, nose+cheeks","3: mouth+chin, nose+cheeks, mouth+chin",3.0
686,206193369,clothes_q11.avi,mouth+chin,"mouth+chin, eyes+eyebrows","3: mouth+chin, eyes+eyebrows, nose+cheeks",3.0
689,206193369,color_q11.avi,mouth+chin,"mouth+chin, nose+cheeks","3: mouth+chin, nose+cheeks, eyes+eyebrows",3.0
691,206193369,concerts_q11.avi,mouth+chin,"mouth+chin, eyes+eyebrows","3: mouth+chin, eyes+eyebrows, mouth+chin",3.0
694,206193369,date_birth_q11.avi,mouth+chin,"mouth+chin, nose+cheeks","3: mouth+chin, nose+cheeks, mouth+chin",3.0
697,206193369,extrovertism_q11.avi,mouth+chin,"mouth+chin, nose+cheeks","3: mouth+chin, nose+cheeks, mouth+chin",3.0
699,206193369,flight_q11.avi,mouth+chin,"mouth+chin, nose+cheeks","3: mouth+chin, nose+cheeks, mouth+chin",3.0
700,206193369,food_q11.avi,mouth+chin,"mouth+chin, none","1: mouth+chin, none, none",1.0
702,206193369,last_hour_q11.avi,mouth+chin,"mouth+chin, eyes+eyebrows","2: mouth+chin, eyes+eyebrows, none",2.0
704,206193369,movies_q11.avi,mouth+chin,"mouth+chin, nose+cheeks","3: mouth+chin, nose+cheeks, eyes+eyebrows",3.0
708,206193369,music_q11.avi,mouth+chin,"mouth+chin, eyes+eyebrows","3: mouth+chin, eyes+eyebrows, nose+cheeks",3.0
711,206193369,pets_q11.avi,mouth+chin,"mouth+chin, eyes+eyebrows","3: mouth+chin, eyes+eyebrows, mouth+chin",3.0
713,206193369,smartphone_q1.avi,mouth+chin,"mouth+chin, eyes+eyebrows","3: mouth+chin, eyes+eyebrows, mouth+chin",3.0
715,206193369,sports_q11.avi,mouth+chin,"mouth+chin, nose+cheeks","3: mouth+chin, nose+cheeks, mouth+chin",3.0
718,206193369,theatre_q1.avi,nose+cheeks,"nose+cheeks, forehead","3: nose+cheeks, forehead, nose+cheeks",3.0
720,206193369,tv_q11.avi,mouth+chin,"mouth+chin, nose+cheeks","3: mouth+chin, nose+cheeks, mouth+chin",3.0
722,206193369,university_q11.avi,mouth+chin,"mouth+chin, eyes+eyebrows","3: mouth+chin, eyes+eyebrows, mouth+chin",3.0
725,301596185,birth_city_q11.avi,eyes+eyebrows,"eyes+eyebrows, nose+cheeks","3: eyes+eyebrows, nose+cheeks, eyes+eyebrows",3.0
728,301596185,books_q11.avi,nose+cheeks,"nose+cheeks, mouth+chin","3: nose+cheeks, mouth+chin, eyes+eyebrows",3.0
731,301596185,cars_q11.avi,eyes+eyebrows,"eyes+eyebrows, nose+cheeks","3: eyes+eyebrows, nose+cheeks, mouth+chin",3.0
734,301596185,cleaning_q11.avi,nose+cheeks,"nose+cheeks, eyes+eyebrows","2: nose+cheeks, eyes+eyebrows, none",2.0
737,301596185,clothes_q11.avi,eyes+eyebrows,"eyes+eyebrows, none","1: eyes+eyebrows, none, none",1.0
740,301596185,color_q11.avi,nose+cheeks,"nose+cheeks, eyes+eyebrows","3: nose+cheeks, eyes+eyebrows, nose+cheeks",3.0
742,301596185,concerts_q11.avi,eyes+eyebrows,"eyes+eyebrows, none","1: eyes+eyebrows, none, none",1.0
745,301596185,date_birth_q11.avi,mouth+chin,"mouth+chin, nose+cheeks","3: mouth+chin, nose+cheeks, eyes+eyebrows",3.0
748,301596185,extrovertism_q11.avi,nose+cheeks,"nose+cheeks, eyes+eyebrows","2: nose+cheeks, eyes+eyebrows, none",2.0
750,301596185,flight_q11.avi,eyes+eyebrows,"eyes+eyebrows, nose+cheeks","3: eyes+eyebrows, nose+cheeks, mouth+chin",3.0
752,301596185,food_q11.avi,eyes+eyebrows,"eyes+eyebrows, forehead","3: eyes+eyebrows, forehead, eyes+eyebrows",3.0
754,301596185,last_hour_q11.avi,nose+cheeks,"nose+cheeks, eyes+eyebrows","2: nose+cheeks, eyes+eyebrows, none",2.0
756,301596185,movies_q11.avi,nose+cheeks,"nose+cheeks, eyes+eyebrows","3: nose+cheeks, eyes+eyebrows, nose+cheeks",3.0
760,301596185,music_q11.avi,nose+cheeks,"nose+cheeks, eyes+eyebrows","3: nose+cheeks, eyes+eyebrows, mouth+chin",3.0
763,301596185,pets_q11.avi,nose+cheeks,"nose+cheeks, eyes+eyebrows","3: nose+cheeks, eyes+eyebrows, nose+cheeks",3.0
765,301596185,smartphone_q1.avi,nose+cheeks,"nose+cheeks, eyes+eyebrows","3: nose+cheeks, eyes+eyebrows, nose+cheeks",3.0
767,301596185,sports_q11.avi,eyes+eyebrows,"eyes+eyebrows, none","1: eyes+eyebrows, none, none",1.0
770,301596185,theatre_q1.avi,nose+cheeks,"nose+cheeks, eyes+eyebrows","3: nose+cheeks, eyes+eyebrows, nose+cheeks",3.0
772,301596185,tv_q11.avi,nose+cheeks,"nose+cheeks, eyes+eyebrows","3: nose+cheeks, eyes+eyebrows, forehead",3.0
774,301596185,university_q11.avi,eyes+eyebrows,"eyes+eyebrows, none","1: eyes+eyebrows, none, none",1.0
777,30309488,birth_city_q11.avi,nose+cheeks,"nose+cheeks, eyes+eyebrows","3: nose+cheeks, eyes+eyebrows, nose+cheeks",3.0
782,30309488,cars_q11.avi,mouth+chin,"mouth+chin, nose+cheeks","3: mouth+chin, nose+cheeks, eyes+eyebrows",3.0
785,30309488,cleaning_q11.avi,nose+cheeks,"nose+cheeks, eyes+eyebrows","3: nose+cheeks, eyes+eyebrows, nose+cheeks",3.0
788,30309488,clothes_q11.avi,mouth+chin,"mouth+chin, nose+cheeks","3: mouth+chin, nose+cheeks, eyes+eyebrows",3.0
791,30309488,color_q11.avi,nose+cheeks,"nose+cheeks, eyes+eyebrows","3: nose+cheeks, eyes+eyebrows, nose+cheeks",3.0
793,30309488,concerts_q11.avi,mouth+chin,"mouth+chin, nose+cheeks","3: mouth+chin, nose+cheeks, eyes+eyebrows",3.0
796,30309488,date_birth_q11.avi,nose+cheeks,"nose+cheeks, eyes+eyebrows","3: nose+cheeks, eyes+eyebrows, nose+cheeks",3.0
799,30309488,extrovertism_q11.avi,mouth+chin,"mouth+chin, eyes+eyebrows","3: mouth+chin, eyes+eyebrows, nose+cheeks",3.0
801,30309488,flight_q11.avi,mouth+chin,"mouth+chin, nose+cheeks","3: mouth+chin, nose+cheeks, eyes+eyebrows",3.0
803,30309488,food_q11.avi,mouth+chin,"mouth+chin, nose+cheeks","3: mouth+chin, nose+cheeks, eyes+eyebrows",3.0
805,30309488,last_hour_q11.avi,mouth+chin,"mouth+chin, nose+cheeks","3: mouth+chin, nose+cheeks, eyes+eyebrows",3.0
807,30309488,movies_q11.avi,mouth+chin,"mouth+chin, eyes+eyebrows","3: mouth+chin, eyes+eyebrows, nose+cheeks",3.0
811,30309488,music_q11.avi,mouth+chin,"mouth+chin, nose+cheeks","3: mouth+chin, nose+cheeks, eyes+eyebrows",3.0
814,30309488,pets_q11.avi,nose+cheeks,"nose+cheeks, eyes+eyebrows","3: nose+cheeks, eyes+eyebrows, nose+cheeks",3.0
816,30309488,smartphone_q1.avi,nose+cheeks,"nose+cheeks, eyes+eyebrows","3: nose+cheeks, eyes+eyebrows, nose+cheeks",3.0
818,30309488,sports_q11.avi,nose+cheeks,"nose+cheeks, eyes+eyebrows","3: nose+cheeks, eyes+eyebrows, nose+cheeks",3.0
821,30309488,theatre_q1.avi,nose+cheeks,"nose+cheeks, eyes+eyebrows","3: nose+cheeks, eyes+eyebrows, nose+cheeks",3.0
823,30309488,tv_q11.avi,mouth+chin,"mouth+chin, nose+cheeks","3: mouth+chin, nose+cheeks, eyes+eyebrows",3.0
825,30309488,university_q11.avi,mouth+chin,"mouth+chin, eyes+eyebrows","3: mouth+chin, eyes+eyebrows, nose+cheeks",3.0
828,304949118,birth_city_q11.avi,nose+cheeks,"nose+cheeks, eyes+eyebrows","3: nose+cheeks, eyes+eyebrows, mouth+chin",3.0
831,304949118,books_q11.avi,mouth+chin,"mouth+chin, nose+cheeks","3: mouth+chin, nose+cheeks, eyes+eyebrows",3.0
834,304949118,cars_q11.avi,nose+cheeks,"nose+cheeks, eyes+eyebrows","3: nose+cheeks, eyes+eyebrows, mouth+chin",3.0
837,304949118,cleaning_q11.avi,nose+cheeks,"nose+cheeks, eyes+eyebrows","3: nose+cheeks, eyes+eyebrows, mouth+chin",3.0
840,304949118,clothes_q11.avi,nose+cheeks,"nose+cheeks, eyes+eyebrows","3: nose+cheeks, eyes+eyebrows, nose+cheeks",3.0
843,304949118,color_q11.avi,nose+cheeks,"nose+cheeks, mouth+chin","2: nose+cheeks, mouth+chin, none",2.0
845,304949118,concerts_q11.avi,nose+cheeks,"nose+cheeks, mouth+chin","3: nose+cheeks, mouth+chin, nose+cheeks",3.0
848,304949118,date_birth_q11.avi,nose+cheeks,"nose+cheeks, mouth+chin","3: nose+cheeks, mouth+chin, nose+cheeks",3.0
851,304949118,extrovertism_q11.avi,nose+cheeks,"nose+cheeks, eyes+eyebrows","3: nose+cheeks, eyes+eyebrows, mouth+chin",3.0
853,304949118,flight_q11.avi,nose+cheeks,"nose+cheeks, eyes+eyebrows","3: nose+cheeks, eyes+eyebrows, nose+cheeks",3.0
855,304949118,food_q11.avi,nose+cheeks,"nose+cheeks, mouth+chin","3: nose+cheeks, mouth+chin, nose+cheeks",3.0
857,304949118,last_hour_q11.avi,nose+cheeks,"nose+cheeks, eyes+eyebrows","3: nose+cheeks, eyes+eyebrows, mouth+chin",3.0
859,304949118,movies_q11.avi,nose+cheeks,"nose+cheeks, mouth+chin","3: nose+cheeks, mouth+chin, nose+cheeks",3.0
863,304949118,music_q11.avi,nose+cheeks,"nose+cheeks, eyes+eyebrows","3: nose+cheeks, eyes+eyebrows, mouth+chin",3.0
866,304949118,pets_q11.avi,nose+cheeks,"nose+cheeks, mouth+chin","3: nose+cheeks, mouth+chin, nose+cheeks",3.0
868,304949118,smartphone_q1.avi,mouth+chin,"mouth+chin, forehead","3: mouth+chin, forehead, eyes+eyebrows",3.0
870,304949118,sports_q11.avi,nose+cheeks,"nose+cheeks, mouth+chin","3: nose+cheeks, mouth+chin, nose+cheeks",3.0
873,304949118,theatre_q1.avi,nose+cheeks,"nose+cheeks, eyes+eyebrows","3: nose+cheeks, eyes+eyebrows, nose+cheeks",3.0
875,304949118,tv_q11.avi,nose+cheeks,"nose+cheeks, eyes+eyebrows","3: nose+cheeks, eyes+eyebrows, nose+cheeks",3.0
877,304949118,university_q11.avi,nose+cheeks,"nose+cheeks, mouth+chin","3: nose+cheeks, mouth+chin, nose+cheeks",3.0
880,305278335,birth_city_q11.avi,eyes+eyebrows,"eyes+eyebrows, mouth+chin","3: eyes+eyebrows, mouth+chin, nose+cheeks",3.0
883,305278335,books_q11.avi,eyes+eyebrows,"eyes+eyebrows, nose+cheeks","3: eyes+eyebrows, nose+cheeks, eyes+eyebrows",3.0
886,305278335,cars_q11.avi,eyes+eyebrows,"eyes+eyebrows, mouth+chin","3: eyes+eyebrows, mouth+chin, eyes+eyebrows",3.0
889,305278335,cleaning_q11.avi,eyes+eyebrows,"eyes+eyebrows, mouth+chin","3: eyes+eyebrows, mouth+chin, eyes+eyebrows",3.0
892,305278335,clothes_q11.avi,mouth+chin,"mouth+chin, eyes+eyebrows","3: mouth+chin, eyes+eyebrows, nose+cheeks",3.0
895,305278335,color_q11.avi,eyes+eyebrows,"eyes+eyebrows, mouth+chin","3: eyes+eyebrows, mouth+chin, eyes+eyebrows",3.0
897,305278335,concerts_q11.avi,mouth+chin,"mouth+chin, eyes+eyebrows","3: mouth+chin, eyes+eyebrows, nose+cheeks",3.0
900,305278335,date_birth_q11.avi,nose+cheeks,"nose+cheeks, eyes+eyebrows","3: nose+cheeks, eyes+eyebrows, mouth+chin",3.0
903,305278335,extrovertism_q11.avi,mouth+chin,"mouth+chin, eyes+eyebrows","3: mouth+chin, eyes+eyebrows, mouth+chin",3.0
905,305278335,flight_q11.avi,nose+cheeks,"nose+cheeks, eyes+eyebrows","3: nose+cheeks, eyes+eyebrows, mouth+chin",3.0
907,305278335,food_q11.avi,eyes+eyebrows,"eyes+eyebrows, mouth+chin","3: eyes+eyebrows, mouth+chin, eyes+eyebrows",3.0
909,305278335,last_hour_q11.avi,nose+cheeks,"nose+cheeks, eyes+eyebrows","3: nose+cheeks, eyes+eyebrows, mouth+chin",3.0
911,305278335,movies_q11.avi,eyes+eyebrows,"eyes+eyebrows, nose+cheeks","3: eyes+eyebrows, nose+cheeks, eyes+eyebrows",3.0
915,305278335,music_q11.avi,nose+cheeks,"nose+cheeks, eyes+eyebrows","3: nose+cheeks, eyes+eyebrows, mouth+chin",3.0
918,305278335,pets_q11.avi,eyes+eyebrows,"eyes+eyebrows, nose+cheeks","3: eyes+eyebrows, nose+cheeks, eyes+eyebrows",3.0
920,305278335,smartphone_q1.avi,mouth+chin,"mouth+chin, eyes+eyebrows","3: mouth+chin, eyes+eyebrows, mouth+chin",3.0
922,305278335,sports_q11.avi,eyes+eyebrows,"eyes+eyebrows, nose+cheeks","3: eyes+eyebrows, nose+cheeks, mouth+chin",3.0
925,305278335,theatre_q1.avi,eyes+eyebrows,"eyes+eyebrows, nose+cheeks","3: eyes+eyebrows, nose+cheeks, eyes+eyebrows",3.0
927,305278335,tv_q11.avi,eyes+eyebrows,"eyes+eyebrows, nose+cheeks","2: eyes+eyebrows, nose+cheeks, none",2.0
929,305278335,university_q11.avi,mouth+chin,"mouth+chin, nose+cheeks","3: mouth+chin, nose+cheeks, eyes+eyebrows",3.0
932,305391427,birth_city_q11.avi,eyes+eyebrows,"eyes+eyebrows, nose+cheeks","3: eyes+eyebrows, nose+cheeks, eyes+eyebrows",3.0
935,305391427,books_q11.avi,eyes+eyebrows,"eyes+eyebrows, nose+cheeks","2: eyes+eyebrows, nose+cheeks, none",2.0
938,305391427,cars_q11.avi,eyes+eyebrows,"eyes+eyebrows, mouth+chin","3: eyes+eyebrows, mouth+chin, nose+cheeks",3.0
941,305391427,cleaning_q11.avi,eyes+eyebrows,"eyes+eyebrows, mouth+chin","2: eyes+eyebrows, mouth+chin, none",2.0
944,305391427,clothes_q11.avi,nose+cheeks,"nose+cheeks, mouth+chin","2: nose+cheeks, mouth+chin, none",2.0
947,305391427,color_q11.avi,eyes+eyebrows,"eyes+eyebrows, nose+cheeks","2: eyes+eyebrows, nose+cheeks, none",2.0
949,305391427,concerts_q11.avi,eyes+eyebrows,"eyes+eyebrows, nose+cheeks","2: eyes+eyebrows, nose+cheeks, none",2.0
952,305391427,date_birth_q11.avi,eyes+eyebrows,"eyes+eyebrows, nose+cheeks","3: eyes+eyebrows, nose+cheeks, eyes+eyebrows",3.0
955,305391427,extrovertism_q11.avi,eyes+eyebrows,"eyes+eyebrows, nose+cheeks","3: eyes+eyebrows, nose+cheeks, eyes+eyebrows",3.0
957,305391427,flight_q11.avi,nose+cheeks,"nose+cheeks, eyes+eyebrows","3: nose+cheeks, eyes+eyebrows, nose+cheeks",3.0
959,305391427,food_q11.avi,eyes+eyebrows,"eyes+eyebrows, nose+cheeks","3: eyes+eyebrows, nose+cheeks, eyes+eyebrows",3.0
961,305391427,last_hour_q11.avi,eyes+eyebrows,"eyes+eyebrows, nose+cheeks","3: eyes+eyebrows, nose+cheeks, mouth+chin",3.0
963,305391427,movies_q11.avi,eyes+eyebrows,"eyes+eyebrows, nose+cheeks","3: eyes+eyebrows, nose+cheeks, eyes+eyebrows",3.0
967,305391427,music_q11.avi,eyes+eyebrows,"eyes+eyebrows, nose+cheeks","3: eyes+eyebrows, nose+cheeks, eyes+eyebrows",3.0
970,305391427,pets_q11.avi,nose+cheeks,"nose+cheeks, eyes+eyebrows","3: nose+cheeks, eyes+eyebrows, nose+cheeks",3.0
972,305391427,smartphone_q1.avi,forehead,"forehead, eyes+eyebrows","3: forehead, eyes+eyebrows, forehead",3.0
974,305391427,sports_q11.avi,eyes+eyebrows,"eyes+eyebrows, nose+cheeks","2: eyes+eyebrows, nose+cheeks, none",2.0
977,305391427,theatre_q1.avi,eyes+eyebrows,"eyes+eyebrows, mouth+chin","2: eyes+eyebrows, mouth+chin, none",2.0
979,305391427,tv_q11.avi,eyes+eyebrows,"eyes+eyebrows, nose+cheeks","2: eyes+eyebrows, nose+cheeks, none",2.0
981,305391427,university_q11.avi,nose+cheeks,"nose+cheeks, eyes+eyebrows","3: nose+cheeks, eyes+eyebrows, nose+cheeks",3.0
984,305470940,birth_city_q11.avi,eyes+eyebrows,"eyes+eyebrows, none","1: eyes+eyebrows, none, none",1.0
987,305470940,books_q11.avi,eyes+eyebrows,"eyes+eyebrows, forehead","3: eyes+eyebrows, forehead, eyes+eyebrows",3.0
990,305470940,cars_q11.avi,eyes+eyebrows,"eyes+eyebrows, nose+cheeks","3: eyes+eyebrows, nose+cheeks, eyes+eyebrows",3.0
993,305470940,cleaning_q11.avi,nose+cheeks,"nose+cheeks, eyes+eyebrows","3: nose+cheeks, eyes+eyebrows, nose+cheeks",3.0
996,305470940,clothes_q11.avi,mouth+chin,"mouth+chin, eyes+eyebrows","2: mouth+chin, eyes+eyebrows, none",2.0
999,305470940,color_q11.avi,eyes+eyebrows,"eyes+eyebrows, none","1: eyes+eyebrows, none, none",1.0
1001,305470940,concerts_q11.avi,eyes+eyebrows,"eyes+eyebrows, nose+cheeks","3: eyes+eyebrows, nose+cheeks, eyes+eyebrows",3.0
1004,305470940,date_birth_q11.avi,eyes+eyebrows,"eyes+eyebrows, none","1: eyes+eyebrows, none, none",1.0
1007,305470940,extrovertism_q11.avi,mouth+chin,"mouth+chin, eyes+eyebrows","2: mouth+chin, eyes+eyebrows, none",2.0
1009,305470940,flight_q11.avi,nose+cheeks,"nose+cheeks, eyes+eyebrows","2: nose+cheeks, eyes+eyebrows, none",2.0
1011,305470940,food_q11.avi,eyes+eyebrows,"eyes+eyebrows, none","1: eyes+eyebrows, none, none",1.0
1013,305470940,last_hour_q11.avi,nose+cheeks,"nose+cheeks, none","1: nose+cheeks, none, none",1.0
1015,305470940,movies_q11.avi,nose+cheeks,"nose+cheeks, eyes+eyebrows","3: nose+cheeks, eyes+eyebrows, forehead",3.0
1019,305470940,music_q11.avi,nose+cheeks,"nose+cheeks, eyes+eyebrows","3: nose+cheeks, eyes+eyebrows, nose+cheeks",3.0
1022,305470940,pets_q11.avi,mouth+chin,"mouth+chin, eyes+eyebrows","2: mouth+chin, eyes+eyebrows, none",2.0
1024,305470940,smartphone_q1.avi,eyes+eyebrows,"eyes+eyebrows, nose+cheeks","3: eyes+eyebrows, nose+cheeks, eyes+eyebrows",3.0
1025,305470940,sports_q11.avi,eyes+eyebrows,"eyes+eyebrows, none","1: eyes+eyebrows, none, none",1.0
1028,305470940,theatre_q1.avi,nose+cheeks,"nose+cheeks, eyes+eyebrows","3: nose+cheeks, eyes+eyebrows, nose+cheeks",3.0
1030,305470940,tv_q11.avi,eyes+eyebrows,"eyes+eyebrows, none","1: eyes+eyebrows, none, none",1.0
1032,305470940,university_q11.avi,mouth+chin,"mouth+chin, eyes+eyebrows","2: mouth+chin, eyes+eyebrows, none",2.0
1035,308503671,birth_city_q11.avi,nose+cheeks,"nose+cheeks, mouth+chin","3: nose+cheeks, mouth+chin, nose+cheeks",3.0
1037,308503671,books_q11.avi,mouth+chin,"mouth+chin, nose+cheeks","2: mouth+chin, nose+cheeks, none",2.0
1039,308503671,cars_q11.avi,nose+cheeks,"nose+cheeks, eyes+eyebrows","3: nose+cheeks, eyes+eyebrows, nose+cheeks",3.0
1042,308503671,cleaning_q11.avi,nose+cheeks,"nose+cheeks, eyes+eyebrows","3: nose+cheeks, eyes+eyebrows, nose+cheeks",3.0
1045,308503671,clothes_q11.avi,mouth+chin,"mouth+chin, nose+cheeks","3: mouth+chin, nose+cheeks, mouth+chin",3.0
1048,308503671,color_q11.avi,mouth+chin,"mouth+chin, nose+cheeks","3: mouth+chin, nose+cheeks, mouth+chin",3.0
1050,308503671,concerts_q11.avi,mouth+chin,"mouth+chin, nose+cheeks","3: mouth+chin, nose+cheeks, mouth+chin",3.0
1053,308503671,date_birth_q11.avi,mouth+chin,"mouth+chin, nose+cheeks","3: mouth+chin, nose+cheeks, mouth+chin",3.0
1056,308503671,extrovertism_q11.avi,mouth+chin,"mouth+chin, nose+cheeks","3: mouth+chin, nose+cheeks, mouth+chin",3.0
1058,308503671,flight_q11.avi,mouth+chin,"mouth+chin, nose+cheeks","3: mouth+chin, nose+cheeks, eyes+eyebrows",3.0
1060,308503671,food_q11.avi,nose+cheeks,"nose+cheeks, mouth+chin","3: nose+cheeks, mouth+chin, nose+cheeks",3.0
1062,308503671,last_hour_q11.avi,nose+cheeks,"nose+cheeks, mouth+chin","3: nose+cheeks, mouth+chin, eyes+eyebrows",3.0
1064,308503671,movies_q11.avi,mouth+chin,"mouth+chin, nose+cheeks","3: mouth+chin, nose+cheeks, mouth+chin",3.0
1068,308503671,music_q11.avi,nose+cheeks,"nose+cheeks, mouth+chin","3: nose+cheeks, mouth+chin, nose+cheeks",3.0
1071,308503671,pets_q11.avi,mouth+chin,"mouth+chin, nose+cheeks","3: mouth+chin, nose+cheeks, eyes+eyebrows",3.0
1073,308503671,smartphone_q1.avi,nose+cheeks,"nose+cheeks, mouth+chin","3: nose+cheeks, mouth+chin, nose+cheeks",3.0
1075,308503671,sports_q11.avi,mouth+chin,"mouth+chin, nose+cheeks","3: mouth+chin, nose+cheeks, eyes+eyebrows",3.0
1078,308503671,theatre_q1.avi,nose+cheeks,"nose+cheeks, mouth+chin","3: nose+cheeks, mouth+chin, nose+cheeks",3.0
1080,308503671,tv_q11.avi,nose+cheeks,"nose+cheeks, mouth+chin","3: nose+cheeks, mouth+chin, nose+cheeks",3.0
1082,308503671,university_q11.avi,nose+cheeks,"nose+cheeks, eyes+eyebrows","3: nose+cheeks, eyes+eyebrows, mouth+chin",3.0
1085,311170625,birth_city_q11.avi,nose+cheeks,"nose+cheeks, mouth+chin","3: nose+cheeks, mouth+chin, nose+cheeks",3.0
1088,311170625,books_q11.avi,mouth+chin,"mouth+chin, none","1: mouth+chin, none, none",1.0
1091,311170625,cars_q11.avi,nose+cheeks,"nose+cheeks, eyes+eyebrows","3: nose+cheeks, eyes+eyebrows, mouth+chin",3.0
1094,311170625,cleaning_q11.avi,mouth+chin,"mouth+chin, nose+cheeks","3: mouth+chin, nose+cheeks, mouth+chin",3.0
1097,311170625,clothes_q11.avi,mouth+chin,"mouth+chin, nose+cheeks","3: mouth+chin, nose+cheeks, mouth+chin",3.0
1100,311170625,color_q11.avi,nose+cheeks,"nose+cheeks, eyes+eyebrows","3: nose+cheeks, eyes+eyebrows, mouth+chin",3.0
1102,311170625,concerts_q11.avi,mouth+chin,"mouth+chin, nose+cheeks","3: mouth+chin, nose+cheeks, mouth+chin",3.0
1105,311170625,date_birth_q11.avi,mouth+chin,"mouth+chin, none","1: mouth+chin, none, none",1.0
1108,311170625,extrovertism_q11.avi,mouth+chin,"mouth+chin, nose+cheeks","3: mouth+chin, nose+cheeks, eyes+eyebrows",3.0
1110,311170625,flight_q11.avi,mouth+chin,"mouth+chin, nose+cheeks","3: mouth+chin, nose+cheeks, mouth+chin",3.0
1112,311170625,food_q11.avi,mouth+chin,"mouth+chin, none","1: mouth+chin, none, none",1.0
1114,311170625,last_hour_q11.avi,mouth+chin,"mouth+chin, nose+cheeks","3: mouth+chin, nose+cheeks, mouth+chin",3.0
1116,311170625,movies_q11.avi,mouth+chin,"mouth+chin, none","1: mouth+chin, none, none",1.0
1120,311170625,music_q11.avi,mouth+chin,"mouth+chin, nose+cheeks","3: mouth+chin, nose+cheeks, mouth+chin",3.0
1123,311170625,pets_q11.avi,mouth+chin,"mouth+chin, nose+cheeks","3: mouth+chin, nose+cheeks, mouth+chin",3.0
1125,311170625,smartphone_q1.avi,mouth+chin,"mouth+chin, nose+cheeks","2: mouth+chin, nose+cheeks, none",2.0
1127,311170625,sports_q11.avi,mouth+chin,"mouth+chin, nose+cheeks","3: mouth+chin, nose+cheeks, mouth+chin",3.0
1130,311170625,theatre_q1.avi,mouth+chin,"mouth+chin, nose+cheeks","3: mouth+chin, nose+cheeks, mouth+chin",3.0
1132,311170625,tv_q11.avi,mouth+chin,"mouth+chin, eyes+eyebrows","3: mouth+chin, eyes+eyebrows, nose+cheeks",3.0
1134,311170625,university_q11.avi,mouth+chin,"mouth+chin, nose+cheeks","3: mouth+chin, nose+cheeks, mouth+chin",3.0
1137,311356315,birth_city_q11.avi,nose+cheeks,"nose+cheeks, mouth+chin","3: nose+cheeks, mouth+chin, nose+cheeks",3.0
1140,311356315,books_q11.avi,mouth+chin,"mouth+chin, nose+cheeks","3: mouth+chin, nose+cheeks, mouth+chin",3.0
1143,311356315,cars_q11.avi,nose+cheeks,"nose+cheeks, eyes+eyebrows","3: nose+cheeks, eyes+eyebrows, nose+cheeks",3.0
1146,311356315,cleaning_q11.avi,eyes+eyebrows,"eyes+eyebrows, nose+cheeks","3: eyes+eyebrows, nose+cheeks, mouth+chin",3.0
1149,311356315,clothes_q11.avi,nose+cheeks,"nose+cheeks, mouth+chin","3: nose+cheeks, mouth+chin, nose+cheeks",3.0
1152,311356315,color_q11.avi,nose+cheeks,"nose+cheeks, mouth+chin","3: nose+cheeks, mouth+chin, nose+cheeks",3.0
1154,311356315,concerts_q11.avi,nose+cheeks,"nose+cheeks, mouth+chin","3: nose+cheeks, mouth+chin, eyes+eyebrows",3.0
1157,311356315,date_birth_q11.avi,eyes+eyebrows,"eyes+eyebrows, nose+cheeks","3: eyes+eyebrows, nose+cheeks, mouth+chin",3.0
1160,311356315,extrovertism_q11.avi,nose+cheeks,"nose+cheeks, mouth+chin","3: nose+cheeks, mouth+chin, nose+cheeks",3.0
1162,311356315,flight_q11.avi,nose+cheeks,"nose+cheeks, mouth+chin","3: nose+cheeks, mouth+chin, nose+cheeks",3.0
1164,311356315,food_q11.avi,nose+cheeks,"nose+cheeks, mouth+chin","3: nose+cheeks, mouth+chin, nose+cheeks",3.0
1166,311356315,last_hour_q11.avi,nose+cheeks,"nose+cheeks, eyes+eyebrows","3: nose+cheeks, eyes+eyebrows, mouth+chin",3.0
1168,311356315,movies_q11.avi,mouth+chin,"mouth+chin, nose+cheeks","3: mouth+chin, nose+cheeks, mouth+chin",3.0
1172,311356315,music_q11.avi,nose+cheeks,"nose+cheeks, mouth+chin","3: nose+cheeks, mouth+chin, nose+cheeks",3.0
1175,311356315,pets_q11.avi,nose+cheeks,"nose+cheeks, mouth+chin","3: nose+cheeks, mouth+chin, nose+cheeks",3.0
1177,311356315,smartphone_q1.avi,nose+cheeks,"nose+cheeks, mouth+chin","3: nose+cheeks, mouth+chin, nose+cheeks",3.0
1179,311356315,sports_q11.avi,nose+cheeks,"nose+cheeks, mouth+chin","3: nose+cheeks, mouth+chin, eyes+eyebrows",3.0
1182,311356315,theatre_q1.avi,eyes+eyebrows,"eyes+eyebrows, mouth+chin","3: eyes+eyebrows, mouth+chin, nose+cheeks",3.0
1184,311356315,tv_q11.avi,nose+cheeks,"nose+cheeks, eyes+eyebrows","3: nose+cheeks, eyes+eyebrows, mouth+chin",3.0
1186,311356315,university_q11.avi,nose+cheeks,"nose+cheeks, mouth+chin","3: nose+cheeks, mouth+chin, eyes+eyebrows",3.0
1189,312420185,birth_city_q11.avi,eyes+eyebrows,"eyes+eyebrows, nose+cheeks","3: eyes+eyebrows, nose+cheeks, eyes+eyebrows",3.0
1192,312420185,books_q11.avi,nose+cheeks,"nose+cheeks, eyes+eyebrows","3: nose+cheeks, eyes+eyebrows, nose+cheeks",3.0
1195,312420185,cars_q11.avi,nose+cheeks,"nose+cheeks, eyes+eyebrows","3: nose+cheeks, eyes+eyebrows, nose+cheeks",3.0
1198,312420185,cleaning_q11.avi,mouth+chin,"mouth+chin, nose+cheeks","3: mouth+chin, nose+cheeks, eyes+eyebrows",3.0
1201,312420185,clothes_q11.avi,mouth+chin,"mouth+chin, nose+cheeks","3: mouth+chin, nose+cheeks, eyes+eyebrows",3.0
1204,312420185,color_q11.avi,mouth+chin,"mouth+chin, nose+cheeks","3: mouth+chin, nose+cheeks, mouth+chin",3.0
1206,312420185,concerts_q11.avi,mouth+chin,"mouth+chin, nose+cheeks","3: mouth+chin, nose+cheeks, eyes+eyebrows",3.0
1209,312420185,date_birth_q11.avi,nose+cheeks,"nose+cheeks, none","1: nose+cheeks, none, none",1.0
1212,312420185,extrovertism_q11.avi,mouth+chin,"mouth+chin, eyes+eyebrows","3: mouth+chin, eyes+eyebrows, nose+cheeks",3.0
1214,312420185,flight_q11.avi,mouth+chin,"mouth+chin, nose+cheeks","3: mouth+chin, nose+cheeks, eyes+eyebrows",3.0
1216,312420185,food_q11.avi,nose+cheeks,"nose+cheeks, eyes+eyebrows","3: nose+cheeks, eyes+eyebrows, nose+cheeks",3.0
1218,312420185,last_hour_q11.avi,eyes+eyebrows,"eyes+eyebrows, nose+cheeks","3: eyes+eyebrows, nose+cheeks, eyes+eyebrows",3.0
1220,312420185,movies_q11.avi,nose+cheeks,"nose+cheeks, eyes+eyebrows","3: nose+cheeks, eyes+eyebrows, mouth+chin",3.0
1224,312420185,music_q11.avi,mouth+chin,"mouth+chin, nose+cheeks","3: mouth+chin, nose+cheeks, eyes+eyebrows",3.0
1227,312420185,pets_q11.avi,nose+cheeks,"nose+cheeks, eyes+eyebrows","3: nose+cheeks, eyes+eyebrows, nose+cheeks",3.0
1229,312420185,smartphone_q1.avi,mouth+chin,"mouth+chin, nose+cheeks","3: mouth+chin, nose+cheeks, eyes+eyebrows",3.0
1231,312420185,sports_q11.avi,nose+cheeks,"nose+cheeks, eyes+eyebrows","3: nose+cheeks, eyes+eyebrows, nose+cheeks",3.0
1234,312420185,theatre_q1.avi,nose+cheeks,"nose+cheeks, eyes+eyebrows","3: nose+cheeks, eyes+eyebrows, nose+cheeks",3.0
1236,312420185,tv_q11.avi,eyes+eyebrows,"eyes+eyebrows, nose+cheeks","3: eyes+eyebrows, nose+cheeks, eyes+eyebrows",3.0
1238,312420185,university_q11.avi,nose+cheeks,"nose+cheeks, eyes+eyebrows","3: nose+cheeks, eyes+eyebrows, nose+cheeks",3.0
1241,312769367,birth_city_q11.avi,mouth+chin,"mouth+chin, nose+cheeks","3: mouth+chin, nose+cheeks, mouth+chin",3.0
1244,312769367,books_q11.avi,mouth+chin,"mouth+chin, nose+cheeks","3: mouth+chin, nose+cheeks, mouth+chin",3.0
1247,312769367,cars_q11.avi,mouth+chin,"mouth+chin, nose+cheeks","3: mouth+chin, nose+cheeks, eyes+eyebrows",3.0
1250,312769367,cleaning_q11.avi,mouth+chin,"mouth+chin, nose+cheeks","3: mouth+chin, nose+cheeks, eyes+eyebrows",3.0
1253,312769367,clothes_q11.avi,mouth+chin,"mouth+chin, nose+cheeks","3: mouth+chin, nose+cheeks, mouth+chin",3.0
1256,312769367,color_q11.avi,mouth+chin,"mouth+chin, nose+cheeks","3: mouth+chin, nose+cheeks, mouth+chin",3.0
1258,312769367,concerts_q11.avi,mouth+chin,"mouth+chin, nose+cheeks","3: mouth+chin, nose+cheeks, eyes+eyebrows",3.0
1261,312769367,date_birth_q11.avi,mouth+chin,"mouth+chin, nose+cheeks","2: mouth+chin, nose+cheeks, none",2.0
1264,312769367,extrovertism_q11.avi,mouth+chin,"mouth+chin, nose+cheeks","3: mouth+chin, nose+cheeks, eyes+eyebrows",3.0
1266,312769367,flight_q11.avi,mouth+chin,"mouth+chin, nose+cheeks","3: mouth+chin, nose+cheeks, mouth+chin",3.0
1268,312769367,food_q11.avi,mouth+chin,"mouth+chin, nose+cheeks","3: mouth+chin, nose+cheeks, mouth+chin",3.0
1270,312769367,last_hour_q11.avi,mouth+chin,"mouth+chin, nose+cheeks","3: mouth+chin, nose+cheeks, eyes+eyebrows",3.0
1272,312769367,movies_q11.avi,mouth+chin,"mouth+chin, eyes+eyebrows","2: mouth+chin, eyes+eyebrows, none",2.0
1276,312769367,music_q11.avi,mouth+chin,"mouth+chin, eyes+eyebrows","3: mouth+chin, eyes+eyebrows, mouth+chin",3.0
1279,312769367,pets_q11.avi,mouth+chin,"mouth+chin, nose+cheeks","2: mouth+chin, nose+cheeks, none",2.0
1281,312769367,smartphone_q1.avi,mouth+chin,"mouth+chin, nose+cheeks","3: mouth+chin, nose+cheeks, mouth+chin",3.0
1283,312769367,sports_q11.avi,mouth+chin,"mouth+chin, nose+cheeks","3: mouth+chin, nose+cheeks, mouth+chin",3.0
1286,312769367,theatre_q1.avi,mouth+chin,"mouth+chin, nose+cheeks","3: mouth+chin, nose+cheeks, eyes+eyebrows",3.0
1288,312769367,tv_q11.avi,mouth+chin,"mouth+chin, nose+cheeks","3: mouth+chin, nose+cheeks, eyes+eyebrows",3.0
1290,312769367,university_q11.avi,mouth+chin,"mouth+chin, nose+cheeks","3: mouth+chin, nose+cheeks, eyes+eyebrows",3.0
1293,314717430,birth_city_q11.avi,eyes+eyebrows,"eyes+eyebrows, mouth+chin","3: eyes+eyebrows, mouth+chin, nose+cheeks",3.0
1296,314717430,books_q11.avi,mouth+chin,"mouth+chin, nose+cheeks","3: mouth+chin, nose+cheeks, mouth+chin",3.0
1299,314717430,cars_q11.avi,mouth+chin,"mouth+chin, nose+cheeks","3: mouth+chin, nose+cheeks, eyes+eyebrows",3.0
1302,314717430,cleaning_q11.avi,mouth+chin,"mouth+chin, nose+cheeks","3: mouth+chin, nose+cheeks, mouth+chin",3.0
1305,314717430,clothes_q11.avi,nose+cheeks,"nose+cheeks, eyes+eyebrows","3: nose+cheeks, eyes+eyebrows, nose+cheeks",3.0
1308,314717430,color_q11.avi,nose+cheeks,"nose+cheeks, eyes+eyebrows","3: nose+cheeks, eyes+eyebrows, nose+cheeks",3.0
1310,314717430,concerts_q11.avi,mouth+chin,"mouth+chin, eyes+eyebrows","3: mouth+chin, eyes+eyebrows, nose+cheeks",3.0
1313,314717430,date_birth_q11.avi,mouth+chin,"mouth+chin, nose+cheeks","2: mouth+chin, nose+cheeks, none",2.0
1316,314717430,extrovertism_q11.avi,mouth+chin,"mouth+chin, nose+cheeks","3: mouth+chin, nose+cheeks, eyes+eyebrows",3.0
1318,314717430,flight_q11.avi,mouth+chin,"mouth+chin, nose+cheeks","3: mouth+chin, nose+cheeks, mouth+chin",3.0
1320,314717430,food_q11.avi,nose+cheeks,"nose+cheeks, eyes+eyebrows","3: nose+cheeks, eyes+eyebrows, nose+cheeks",3.0
1322,314717430,last_hour_q11.avi,mouth+chin,"mouth+chin, nose+cheeks","3: mouth+chin, nose+cheeks, eyes+eyebrows",3.0
1324,314717430,movies_q11.avi,mouth+chin,"mouth+chin, eyes+eyebrows","3: mouth+chin, eyes+eyebrows, mouth+chin",3.0
1328,314717430,music_q11.avi,nose+cheeks,"nose+cheeks, mouth+chin","3: nose+cheeks, mouth+chin, forehead",3.0
1331,314717430,pets_q11.avi,nose+cheeks,"nose+cheeks, mouth+chin","3: nose+cheeks, mouth+chin, nose+cheeks",3.0
1333,314717430,smartphone_q1.avi,eyes+eyebrows,"eyes+eyebrows, nose+cheeks","3: eyes+eyebrows, nose+cheeks, eyes+eyebrows",3.0
1335,314717430,sports_q11.avi,nose+cheeks,"nose+cheeks, mouth+chin","3: nose+cheeks, mouth+chin, nose+cheeks",3.0
1338,314717430,theatre_q1.avi,mouth+chin,"mouth+chin, nose+cheeks","3: mouth+chin, nose+cheeks, mouth+chin",3.0
1340,314717430,tv_q11.avi,nose+cheeks,"nose+cheeks, eyes+eyebrows","3: nose+cheeks, eyes+eyebrows, nose+cheeks",3.0
1342,314717430,university_q11.avi,forehead,"forehead, none","1: forehead, none, none",1.0
1345,315823492,birth_city_q11.avi,nose+cheeks,"nose+cheeks, eyes+eyebrows","3: nose+cheeks, eyes+eyebrows, nose+cheeks",3.0
1348,315823492,books_q11.avi,nose+cheeks,"nose+cheeks, eyes+eyebrows","3: nose+cheeks, eyes+eyebrows, forehead",3.0
1351,315823492,cars_q11.avi,nose+cheeks,"nose+cheeks, eyes+eyebrows","3: nose+cheeks, eyes+eyebrows, nose+cheeks",3.0
1354,315823492,cleaning_q11.avi,nose+cheeks,"nose+cheeks, eyes+eyebrows","3: nose+cheeks, eyes+eyebrows, nose+cheeks",3.0
1357,315823492,clothes_q11.avi,nose+cheeks,"nose+cheeks, eyes+eyebrows","2: nose+cheeks, eyes+eyebrows, none",2.0
1360,315823492,color_q11.avi,nose+cheeks,"nose+cheeks, eyes+eyebrows","3: nose+cheeks, eyes+eyebrows, forehead",3.0
1362,315823492,concerts_q11.avi,mouth+chin,"mouth+chin, nose+cheeks","3: mouth+chin, nose+cheeks, eyes+eyebrows",3.0
1365,315823492,date_birth_q11.avi,nose+cheeks,"nose+cheeks, eyes+eyebrows","2: nose+cheeks, eyes+eyebrows, none",2.0
1368,315823492,extrovertism_q11.avi,eyes+eyebrows,"eyes+eyebrows, none","1: eyes+eyebrows, none, none",1.0
1370,315823492,flight_q11.avi,mouth+chin,"mouth+chin, nose+cheeks","3: mouth+chin, nose+cheeks, eyes+eyebrows",3.0
1372,315823492,food_q11.avi,eyes+eyebrows,"eyes+eyebrows, forehead","2: eyes+eyebrows, forehead, none",2.0
1374,315823492,last_hour_q11.avi,eyes+eyebrows,"eyes+eyebrows, none","1: eyes+eyebrows, none, none",1.0
1376,315823492,movies_q11.avi,nose+cheeks,"nose+cheeks, eyes+eyebrows","2: nose+cheeks, eyes+eyebrows, none",2.0
1380,315823492,music_q11.avi,nose+cheeks,"nose+cheeks, eyes+eyebrows","2: nose+cheeks, eyes+eyebrows, none",2.0
1383,315823492,pets_q11.avi,nose+cheeks,"nose+cheeks, eyes+eyebrows","3: nose+cheeks, eyes+eyebrows, nose+cheeks",3.0
1385,315823492,smartphone_q1.avi,nose+cheeks,"nose+cheeks, eyes+eyebrows","2: nose+cheeks, eyes+eyebrows, none",2.0
1387,315823492,sports_q11.avi,eyes+eyebrows,"eyes+eyebrows, none","1: eyes+eyebrows, none, none",1.0
1390,315823492,theatre_q1.avi,eyes+eyebrows,"eyes+eyebrows, nose+cheeks","2: eyes+eyebrows, nose+cheeks, none",2.0
1392,315823492,tv_q11.avi,nose+cheeks,"nose+cheeks, eyes+eyebrows","2: nose+cheeks, eyes+eyebrows, none",2.0
1394,315823492,university_q11.avi,eyes+eyebrows,"eyes+eyebrows, none","1: eyes+eyebrows, none, none",1.0
1397,326851821,birth_city_q11.avi,eyes+eyebrows,"eyes+eyebrows, nose+cheeks","3: eyes+eyebrows, nose+cheeks, eyes+eyebrows",3.0
1400,326851821,books_q11.avi,nose+cheeks,"nose+cheeks, eyes+eyebrows","2: nose+cheeks, eyes+eyebrows, none",2.0
1403,326851821,cars_q11.avi,nose+cheeks,"nose+cheeks, eyes+eyebrows","2: nose+cheeks, eyes+eyebrows, none",2.0
1406,326851821,cleaning_q11.avi,mouth+chin,"mouth+chin, nose+cheeks","3: mouth+chin, nose+cheeks, eyes+eyebrows",3.0
1409,326851821,clothes_q11.avi,nose+cheeks,"nose+cheeks, eyes+eyebrows","2: nose+cheeks, eyes+eyebrows, none",2.0
1412,326851821,color_q11.avi,nose+cheeks,"nose+cheeks, eyes+eyebrows","3: nose+cheeks, eyes+eyebrows, nose+cheeks",3.0
1414,326851821,concerts_q11.avi,nose+cheeks,"nose+cheeks, eyes+eyebrows","3: nose+cheeks, eyes+eyebrows, nose+cheeks",3.0
1417,326851821,date_birth_q11.avi,nose+cheeks,"nose+cheeks, eyes+eyebrows","3: nose+cheeks, eyes+eyebrows, nose+cheeks",3.0
1420,326851821,extrovertism_q11.avi,nose+cheeks,"nose+cheeks, eyes+eyebrows","2: nose+cheeks, eyes+eyebrows, none",2.0
1422,326851821,flight_q11.avi,mouth+chin,"mouth+chin, eyes+eyebrows","2: mouth+chin, eyes+eyebrows, none",2.0
1424,326851821,food_q11.avi,nose+cheeks,"nose+cheeks, eyes+eyebrows","3: nose+cheeks, eyes+eyebrows, nose+cheeks",3.0
1426,326851821,last_hour_q11.avi,nose+cheeks,"nose+cheeks, eyes+eyebrows","3: nose+cheeks, eyes+eyebrows, nose+cheeks",3.0
1428,326851821,movies_q11.avi,eyes+eyebrows,"eyes+eyebrows, none","1: eyes+eyebrows, none, none",1.0
1432,326851821,music_q11.avi,nose+cheeks,"nose+cheeks, eyes+eyebrows","3: nose+cheeks, eyes+eyebrows, nose+cheeks",3.0
1435,326851821,pets_q11.avi,nose+cheeks,"nose+cheeks, eyes+eyebrows","3: nose+cheeks, eyes+eyebrows, nose+cheeks",3.0
1437,326851821,smartphone_q1.avi,nose+cheeks,"nose+cheeks, eyes+eyebrows","3: nose+cheeks, eyes+eyebrows, nose+cheeks",3.0
1439,326851821,sports_q11.avi,nose+cheeks,"nose+cheeks, eyes+eyebrows","2: nose+cheeks, eyes+eyebrows, none",2.0
1442,326851821,theatre_q1.avi,nose+cheeks,"nose+cheeks, eyes+eyebrows","3: nose+cheeks, eyes+eyebrows, nose+cheeks",3.0
1444,326851821,tv_q11.avi,nose+cheeks,"nose+cheeks, eyes+eyebrows","2: nose+cheeks, eyes+eyebrows, none",2.0
1446,326851821,university_q11.avi,mouth+chin,"mouth+chin, nose+cheeks","3: mouth+chin, nose+cheeks, eyes+eyebrows",3.0
1449,3705441,birth_city_q11.avi,nose+cheeks,"nose+cheeks, none","1: nose+cheeks, none, none",1.0
1452,3705441,books_q11.avi,nose+cheeks,"nose+cheeks, mouth+chin","2: nose+cheeks, mouth+chin, none",2.0
1455,3705441,cars_q11.avi,nose+cheeks,"nose+cheeks, eyes+eyebrows","3: nose+cheeks, eyes+eyebrows, nose+cheeks",3.0
1458,3705441,cleaning_q11.avi,mouth+chin,"mouth+chin, nose+cheeks","3: mouth+chin, nose+cheeks, mouth+chin",3.0
1461,3705441,clothes_q11.avi,mouth+chin,"mouth+chin, nose+cheeks","3: mouth+chin, nose+cheeks, mouth+chin",3.0
1464,3705441,color_q11.avi,mouth+chin,"mouth+chin, nose+cheeks","3: mouth+chin, nose+cheeks, mouth+chin",3.0
1466,3705441,concerts_q11.avi,mouth+chin,"mouth+chin, nose+cheeks","2: mouth+chin, nose+cheeks, none",2.0
1469,3705441,date_birth_q11.avi,nose+cheeks,"nose+cheeks, none","1: nose+cheeks, none, none",1.0
1472,3705441,extrovertism_q11.avi,nose+cheeks,"nose+cheeks, eyes+eyebrows","3: nose+cheeks, eyes+eyebrows, nose+cheeks",3.0
1474,3705441,flight_q11.avi,nose+cheeks,"nose+cheeks, mouth+chin","2: nose+cheeks, mouth+chin, none",2.0
1476,3705441,food_q11.avi,eyes+eyebrows,"eyes+eyebrows, nose+cheeks","3: eyes+eyebrows, nose+cheeks, eyes+eyebrows",3.0
1478,3705441,last_hour_q11.avi,nose+cheeks,"nose+cheeks, mouth+chin","2: nose+cheeks, mouth+chin, none",2.0
1480,3705441,movies_q11.avi,nose+cheeks,"nose+cheeks, mouth+chin","3: nose+cheeks, mouth+chin, nose+cheeks",3.0
1484,3705441,music_q11.avi,nose+cheeks,"nose+cheeks, mouth+chin","2: nose+cheeks, mouth+chin, none",2.0
1487,3705441,pets_q11.avi,nose+cheeks,"nose+cheeks, mouth+chin","3: nose+cheeks, mouth+chin, nose+cheeks",3.0
1489,3705441,smartphone_q1.avi,nose+cheeks,"nose+cheeks, none","1: nose+cheeks, none, none",1.0
1491,3705441,sports_q11.avi,nose+cheeks,"nose+cheeks, none","1: nose+cheeks, none, none",1.0
1494,3705441,theatre_q1.avi,mouth+chin,"mouth+chin, nose+cheeks","3: mouth+chin, nose+cheeks, mouth+chin",3.0
1496,3705441,tv_q11.avi,eyes+eyebrows,"eyes+eyebrows, nose+cheeks","3: eyes+eyebrows, nose+cheeks, mouth+chin",3.0
1498,3705441,university_q11.avi,nose+cheeks,"nose+cheeks, mouth+chin","3: nose+cheeks, mouth+chin, nose+cheeks",3.0
1501,38208633,birth_city_q11.avi,nose+cheeks,"nose+cheeks, eyes+eyebrows","3: nose+cheeks, eyes+eyebrows, nose+cheeks",3.0
1504,38208633,books_q11.avi,mouth+chin,"mouth+chin, eyes+eyebrows","3: mouth+chin, eyes+eyebrows, nose+cheeks",3.0
1507,38208633,cars_q11.avi,nose+cheeks,"nose+cheeks, eyes+eyebrows","3: nose+cheeks, eyes+eyebrows, nose+cheeks",3.0
1510,38208633,cleaning_q11.avi,nose+cheeks,"nose+cheeks, mouth+chin","3: nose+cheeks, mouth+chin, nose+cheeks",3.0
1513,38208633,clothes_q11.avi,eyes+eyebrows,"eyes+eyebrows, nose+cheeks","3: eyes+eyebrows, nose+cheeks, eyes+eyebrows",3.0
1516,38208633,color_q11.avi,nose+cheeks,"nose+cheeks, eyes+eyebrows","3: nose+cheeks, eyes+eyebrows, nose+cheeks",3.0
1518,38208633,concerts_q11.avi,nose+cheeks,"nose+cheeks, eyes+eyebrows","2: nose+cheeks, eyes+eyebrows, none",2.0
1521,38208633,date_birth_q11.avi,nose+cheeks,"nose+cheeks, eyes+eyebrows","3: nose+cheeks, eyes+eyebrows, nose+cheeks",3.0
1524,38208633,extrovertism_q11.avi,nose+cheeks,"nose+cheeks, eyes+eyebrows","3: nose+cheeks, eyes+eyebrows, nose+cheeks",3.0
1526,38208633,flight_q11.avi,mouth+chin,"mouth+chin, nose+cheeks","3: mouth+chin, nose+cheeks, eyes+eyebrows",3.0
1528,38208633,food_q11.avi,nose+cheeks,"nose+cheeks, eyes+eyebrows","3: nose+cheeks, eyes+eyebrows, nose+cheeks",3.0
1530,38208633,last_hour_q11.avi,nose+cheeks,"nose+cheeks, eyes+eyebrows","3: nose+cheeks, eyes+eyebrows, nose+cheeks",3.0
1532,38208633,movies_q11.avi,nose+cheeks,"nose+cheeks, eyes+eyebrows","3: nose+cheeks, eyes+eyebrows, nose+cheeks",3.0
1536,38208633,music_q11.avi,nose+cheeks,"nose+cheeks, eyes+eyebrows","3: nose+cheeks, eyes+eyebrows, nose+cheeks",3.0
1539,38208633,pets_q11.avi,nose+cheeks,"nose+cheeks, eyes+eyebrows","3: nose+cheeks, eyes+eyebrows, mouth+chin",3.0
1541,38208633,smartphone_q1.avi,nose+cheeks,"nose+cheeks, eyes+eyebrows","3: nose+cheeks, eyes+eyebrows, nose+cheeks",3.0
1543,38208633,sports_q11.avi,eyes+eyebrows,"eyes+eyebrows, nose+cheeks","3: eyes+eyebrows, nose+cheeks, eyes+eyebrows",3.0
1546,38208633,theatre_q1.avi,nose+cheeks,"nose+cheeks, eyes+eyebrows","3: nose+cheeks, eyes+eyebrows, nose+cheeks",3.0
1548,38208633,tv_q11.avi,nose+cheeks,"nose+cheeks, eyes+eyebrows","3: nose+cheeks, eyes+eyebrows, nose+cheeks",3.0
1550,38208633,university_q11.avi,mouth+chin,"mouth+chin, nose+cheeks","3: mouth+chin, nose+cheeks, eyes+eyebrows",3.0
